Sample_ID	cip_sr
SRR1661154	0
SRR1661156	1
SRR1661157	0
SRR1661158	0
SRR1661159	0
SRR1661160	0
SRR1661161	1
SRR1661162	0
SRR1661163	0
SRR1661164	1
SRR1661165	0
SRR1661166	1
SRR1661167	0
SRR1661169	0
SRR1661171	0
SRR1661172	0
SRR1661174	1
SRR1661176	1
SRR1661177	0
SRR1661178	0
SRR1661179	0
SRR1661180	0
SRR1661181	1
SRR1661182	1
SRR1661184	1
SRR1661185	1
SRR1661186	1
SRR1661187	1
SRR1661188	1
SRR1661189	1
SRR1661191	1
SRR1661192	1
SRR1661193	1
SRR1661194	0
SRR1661195	1
SRR1661196	1
SRR1661197	1
SRR1661198	1
SRR1661200	1
SRR1661201	1
SRR1661202	1
SRR1661203	1
SRR1661204	1
SRR1661205	1
SRR1661206	1
SRR1661208	1
SRR1661209	1
SRR1661210	1
SRR1661212	1
SRR1661213	1
SRR1661214	1
SRR1661215	1
SRR1661217	1
SRR1661218	0
SRR1661219	0
SRR1661220	1
SRR1661221	1
SRR1661222	1
SRR1661224	0
SRR1661225	0
SRR1661226	1
SRR1661228	1
SRR1661230	1
SRR1661231	1
SRR1661232	0
SRR1661233	1
SRR1661234	0
SRR1661235	0
SRR1661236	0
SRR1661237	0
SRR1661238	0
SRR1661239	0
SRR1661240	0
SRR1661241	0
SRR1661244	1
SRR1661246	1
SRR1661247	1
SRR1661248	1
SRR1661251	1
SRR1661252	1
SRR1661253	1
SRR1661254	1
SRR1661255	0
SRR1661256	0
SRR1661257	0
SRR1661258	1
SRR1661259	1
SRR1661260	0
SRR1661261	0
SRR1661263	0
SRR1661264	0
SRR1661266	0
SRR1661267	0
SRR1661268	1
SRR1661269	1
SRR1661270	1
SRR1661271	1
SRR1661272	1
SRR1661273	1
SRR1661274	1
SRR1661276	1
SRR1661277	1
SRR1661278	1
SRR1661280	1
SRR1661282	0
SRR1661283	1
SRR1661284	1
SRR1661285	0
SRR1661286	0
SRR1661287	0
SRR1661288	0
SRR1661289	0
SRR1661290	0
SRR1661291	0
SRR1661293	1
SRR1661294	1
SRR1661295	0
SRR1661296	1
SRR1661297	1
SRR1661298	1
SRR1661299	1
SRR1661300	1
SRR1661302	1
SRR1661303	1
SRR1661304	1
SRR1661305	1
SRR1661306	1
SRR1661307	1
SRR1661308	1
SRR1661309	1
SRR1661310	1
SRR1661311	1
SRR1661312	0
SRR1661313	0
SRR1661314	0
SRR1661316	0
SRR1661317	0
SRR1661318	0
SRR1661319	0
SRR1661320	0
SRR1661321	0
SRR1661323	0
SRR1661153	0
SRR1661155	0
SRR1661168	1
SRR1661175	1
SRR1661183	1
SRR1661199	1
SRR1661207	1
SRR1661211	0
SRR1661223	0
SRR1661227	1
SRR1661242	1
SRR1661243	1
SRR1661245	1
SRR1661249	1
SRR1661250	1
SRR1661262	1
SRR1661265	1
SRR1661279	1
SRR1661281	0
SRR1661292	1
SRR1661315	1
SRR1661322	0
16853_2#1	1
16853_2#10	1
16853_2#11	0
16853_2#12	0
16853_2#13	0
16853_2#14	1
16853_2#15	1
16853_2#16	1
16853_2#17	1
16853_2#18	1
16853_2#19	1
16853_2#2	0
16853_2#20	0
16853_2#21	0
16853_2#22	1
16853_2#23	1
16853_2#24	1
16853_2#25	1
16853_2#26	0
16853_2#27	0
16853_2#28	1
16853_2#29	0
16853_2#3	1
16853_2#30	0
16853_2#31	1
16853_2#32	1
16853_2#33	0
16853_2#34	0
16853_2#35	0
16853_2#37	0
16853_2#38	1
16853_2#39	0
16853_2#4	0
16853_2#40	1
16853_2#41	1
16853_2#42	1
16853_2#43	1
16853_2#44	1
16853_2#45	1
16853_2#46	0
16853_2#47	0
16853_2#48	1
16853_2#49	0
16853_2#5	1
16853_2#50	1
16853_2#6	0
16853_2#7	1
16853_2#9	0
16853_3#10	1
16853_3#18	0
16853_3#19	0
16853_3#21	0
16853_3#22	0
16853_3#23	0
16853_3#24	0
16853_3#25	0
16853_3#32	0
16853_3#33	1
16853_3#35	1
16853_3#37	0
16853_3#38	1
16853_3#39	0
16853_3#49	1
16853_3#50	0
16853_3#51	1
16853_3#52	0
16853_3#53	0
16853_3#54	0
16853_3#55	1
16853_3#56	0
16853_3#57	1
16853_3#58	0
16933_2#25	0
16933_2#56	0
16933_2#60	0
16933_2#85	0
16933_2#86	0
16933_2#87	0
16933_2#88	1
16933_2#89	0
16933_2#90	0
16933_2#91	1
16933_2#92	1
16933_2#93	1
16933_3#1	0
16933_3#10	1
16933_3#11	0
16933_3#12	0
16933_3#13	0
16933_3#14	1
16933_3#15	1
16933_3#16	0
16933_3#17	0
16933_3#18	0
16933_3#19	1
16933_3#2	0
16933_3#20	1
16933_3#21	0
16933_3#22	0
16933_3#23	1
16933_3#24	0
16933_3#25	0
16933_3#26	1
16933_3#27	1
16933_3#28	1
16933_3#29	0
16933_3#3	1
16933_3#30	1
16933_3#31	1
16933_3#32	1
16933_3#33	0
16933_3#34	0
16933_3#35	1
16933_3#36	0
16933_3#37	0
16933_3#38	0
16933_3#39	0
16933_3#4	0
16933_3#40	0
16933_3#41	1
16933_3#42	1
16933_3#43	1
16933_3#44	1
16933_3#45	1
16933_3#46	1
16933_3#47	1
16933_3#48	1
16933_3#49	1
16933_3#5	0
16933_3#50	1
16933_3#51	1
16933_3#52	1
16933_3#53	1
16933_3#54	1
16933_3#55	1
16933_3#56	0
16933_3#57	1
16933_3#58	1
16933_3#59	1
16933_3#6	1
16933_3#60	1
16933_3#61	1
16933_3#62	1
16933_3#63	1
16933_3#64	0
16933_3#65	1
16933_3#66	1
16933_3#67	1
16933_3#68	1
16933_3#69	1
16933_3#7	0
16933_3#70	1
16933_3#71	1
16933_3#72	1
16933_3#73	0
16933_3#74	0
16933_3#75	0
16933_3#76	0
16933_3#77	1
16933_3#78	1
16933_3#79	0
16933_3#8	1
16933_3#80	1
16933_3#81	0
16933_3#82	1
16933_3#83	1
16933_3#84	1
16933_3#85	0
16933_3#9	0
16933_3#90	0
16933_3#91	0
16933_3#92	0
17059_3#70	1
17059_3#93	0
17138_1#1	1
17138_1#10	0
17138_1#11	1
17138_1#12	1
17138_1#13	0
17138_1#14	1
17138_1#15	0
17138_1#16	0
17138_1#17	0
17138_1#18	0
17138_1#19	1
17138_1#2	0
17138_1#20	1
17138_1#21	0
17138_1#22	1
17138_1#23	1
17138_1#24	0
17138_1#25	0
17138_1#26	1
17138_1#27	0
17138_1#28	1
17138_1#29	0
17138_1#3	0
17138_1#30	0
17138_1#31	0
17138_1#32	0
17138_1#33	0
17138_1#34	1
17138_1#35	1
17138_1#36	1
17138_1#37	0
17138_1#38	1
17138_1#39	1
17138_1#4	1
17138_1#40	1
17138_1#41	0
17138_1#42	1
17138_1#43	0
17138_1#44	1
17138_1#45	0
17138_1#46	0
17138_1#47	0
17138_1#48	1
17138_1#49	1
17138_1#5	0
17138_1#50	1
17138_1#51	0
17138_1#52	1
17138_1#53	1
17138_1#54	1
17138_1#55	0
17138_1#56	0
17138_1#57	0
17138_1#58	1
17138_1#59	0
17138_1#6	1
17138_1#60	1
17138_1#61	0
17138_1#62	1
17138_1#63	0
17138_1#64	0
17138_1#65	0
17138_1#66	1
17138_1#69	1
17138_1#7	0
17138_1#70	1
17138_1#71	1
17138_1#72	1
17138_1#73	1
17138_1#74	1
17138_1#8	0
17138_1#81	0
17138_1#82	1
17138_1#83	1
17138_1#84	1
17138_1#85	1
17138_1#86	1
17138_1#87	0
17138_1#88	0
17138_1#89	1
17138_1#9	1
17138_1#90	1
17138_1#91	0
17138_1#92	0
17150_2#1	1
17150_2#10	0
17150_2#11	0
17150_2#12	0
17150_2#13	0
17150_2#14	0
17150_2#15	0
17150_2#16	0
17150_2#17	0
17150_2#18	0
17150_2#19	0
17150_2#2	1
17150_2#20	1
17150_2#21	0
17150_2#22	1
17150_2#23	1
17150_2#24	1
17150_2#25	0
17150_2#26	0
17150_2#27	0
17150_2#28	0
17150_2#29	0
17150_2#3	0
17150_2#30	0
17150_2#31	0
17150_2#32	0
17150_2#33	0
17150_2#34	0
17150_2#36	1
17150_2#37	0
17150_2#38	0
17150_2#39	1
17150_2#4	1
17150_2#40	1
17150_2#41	0
17150_2#42	0
17150_2#43	0
17150_2#44	0
17150_2#45	0
17150_2#46	0
17150_2#47	1
17150_2#48	1
17150_2#49	0
17150_2#5	0
17150_2#50	1
17150_2#51	1
17150_2#52	0
17150_2#53	0
17150_2#54	1
17150_2#55	0
17150_2#56	0
17150_2#57	0
17150_2#58	0
17150_2#59	1
17150_2#6	1
17150_2#60	1
17150_2#61	0
17150_2#62	0
17150_2#63	1
17150_2#64	1
17150_2#65	0
17150_2#66	0
17150_2#67	0
17150_2#68	0
17150_2#69	0
17150_2#7	1
17150_2#70	1
17150_2#71	0
17150_2#72	0
17150_2#73	1
17150_2#74	0
17150_2#75	1
17150_2#76	1
17150_2#77	0
17150_2#78	0
17150_2#79	1
17150_2#8	1
17150_2#80	1
17150_2#81	0
17150_2#82	0
17150_2#83	0
17150_2#84	0
17150_2#85	1
17150_2#86	1
17150_2#87	1
17150_2#88	0
17150_2#89	1
17150_2#9	1
17150_2#90	0
17150_2#91	0
17150_2#92	1
17150_2#93	1
17328_4#44	1
17328_4#45	0
17328_4#46	1
17328_4#47	0
17328_4#48	0
17328_4#49	0
17328_4#50	0
17328_4#51	0
17328_4#52	0
17328_4#53	0
17328_4#54	0
17328_4#55	1
17328_4#56	1
17328_4#57	0
17328_4#58	0
17328_4#59	0
17328_4#60	0
17328_4#61	1
17328_4#62	0
17328_4#63	1
17328_4#64	0
17328_4#65	0
17328_4#66	0
17328_4#67	0
17328_4#68	0
17328_4#69	0
17328_4#70	0
17328_4#71	0
17328_4#72	0
17328_4#73	1
17328_4#74	1
17328_4#75	0
17328_4#76	0
17328_4#77	1
17328_4#78	0
17328_4#79	0
17328_4#80	0
17328_4#81	0
17328_4#82	1
17427_1#1	0
17427_1#10	0
17427_1#11	0
17427_1#12	1
17427_1#13	1
17427_1#14	1
17427_1#15	0
17427_1#16	0
17427_1#17	0
17427_1#18	0
17427_1#19	1
17427_1#2	1
17427_1#20	0
17427_1#21	1
17427_1#22	0
17427_1#23	0
17427_1#24	0
17427_1#25	1
17427_1#26	0
17427_1#27	0
17427_1#28	0
17427_1#29	0
17427_1#3	1
17427_1#30	1
17427_1#31	0
17427_1#32	0
17427_1#33	0
17427_1#34	0
17427_1#35	0
17427_1#36	1
17427_1#37	1
17427_1#38	0
17427_1#39	0
17427_1#4	1
17427_1#40	0
17427_1#41	0
17427_1#42	0
17427_1#43	0
17427_1#44	0
17427_1#45	0
17427_1#46	1
17427_1#47	1
17427_1#48	1
17427_1#49	0
17427_1#5	0
17427_1#50	0
17427_1#51	0
17427_1#52	0
17427_1#53	0
17427_1#54	0
17427_1#55	0
17427_1#56	0
17427_1#57	0
17427_1#58	0
17427_1#59	0
17427_1#6	0
17427_1#60	0
17427_1#61	0
17427_1#62	0
17427_1#63	0
17427_1#64	0
17427_1#65	0
17427_1#66	1
17427_1#7	0
17427_1#75	0
17427_1#76	0
17427_1#77	1
17427_1#78	0
17427_1#79	0
17427_1#8	1
17427_1#80	0
17427_1#81	0
17427_1#82	0
17427_1#83	0
17427_1#84	0
17427_1#85	0
17427_1#86	1
17427_1#87	0
17427_1#88	0
17427_1#89	1
17427_1#9	0
17427_1#90	0
17427_1#91	1
17427_1#92	0
17427_1#93	0
17427_1#94	0
17428_6#1	0
17428_6#10	0
17428_6#11	1
17428_6#12	0
17428_6#13	0
17428_6#14	1
17428_6#15	0
17428_6#16	0
17428_6#17	1
17428_6#18	0
17428_6#19	0
17428_6#2	0
17428_6#20	0
17428_6#21	1
17428_6#22	0
17428_6#23	1
17428_6#24	0
17428_6#25	0
17428_6#26	0
17428_6#27	0
17428_6#28	0
17428_6#29	0
17428_6#30	0
17428_6#31	0
17428_6#32	0
17428_6#33	1
17428_6#34	0
17428_6#35	1
17428_6#36	0
17428_6#37	0
17428_6#38	1
17428_6#39	0
17428_6#4	1
17428_6#40	0
17428_6#41	1
17428_6#42	0
17428_6#43	1
17428_6#44	1
17428_6#45	1
17428_6#46	0
17428_6#47	1
17428_6#48	1
17428_6#49	1
17428_6#5	0
17428_6#50	1
17428_6#51	1
17428_6#52	1
17428_6#53	1
17428_6#54	0
17428_6#55	0
17428_6#56	0
17428_6#57	0
17428_6#58	0
17428_6#59	1
17428_6#6	1
17428_6#60	0
17428_6#61	1
17428_6#62	0
17428_6#63	0
17428_6#64	1
17428_6#65	0
17428_6#66	1
17428_6#67	0
17428_6#68	1
17428_6#69	0
17428_6#7	1
17428_6#70	0
17428_6#71	0
17428_6#72	0
17428_6#73	1
17428_6#74	1
17428_6#75	1
17428_6#76	1
17428_6#77	0
17428_6#78	1
17428_6#79	1
17428_6#8	0
17428_6#80	1
17428_6#81	0
17428_6#82	1
17428_6#83	0
17428_6#84	0
17428_6#85	1
17428_6#86	0
17428_6#87	1
17428_6#88	1
17428_6#89	1
17428_6#9	0
17428_6#90	0
17428_7#1	1
17428_7#10	0
17428_7#11	1
17428_7#12	0
17428_7#13	1
17428_7#14	0
17428_7#15	1
17428_7#16	1
17428_7#17	0
17428_7#18	0
17428_7#19	0
17428_7#2	1
17428_7#20	0
17428_7#21	1
17428_7#22	0
17428_7#23	1
17428_7#24	1
17428_7#25	1
17428_7#26	0
17428_7#27	1
17428_7#28	0
17428_7#29	1
17428_7#3	1
17428_7#30	1
17428_7#31	0
17428_7#32	0
17428_7#33	0
17428_7#34	1
17428_7#35	1
17428_7#36	0
17428_7#37	0
17428_7#38	1
17428_7#39	1
17428_7#4	0
17428_7#40	1
17428_7#41	1
17428_7#42	0
17428_7#43	0
17428_7#44	0
17428_7#45	0
17428_7#46	0
17428_7#47	0
17428_7#48	0
17428_7#49	0
17428_7#5	0
17428_7#50	1
17428_7#51	1
17428_7#52	1
17428_7#53	1
17428_7#54	1
17428_7#55	1
17428_7#56	1
17428_7#57	1
17428_7#58	1
17428_7#59	0
17428_7#6	0
17428_7#60	1
17428_7#61	0
17428_7#62	0
17428_7#63	1
17428_7#64	0
17428_7#65	1
17428_7#66	1
17428_7#67	0
17428_7#68	0
17428_7#69	1
17428_7#7	0
17428_7#70	1
17428_7#71	0
17428_7#72	1
17428_7#73	0
17428_7#74	1
17428_7#75	1
17428_7#76	0
17428_7#77	1
17428_7#78	1
17428_7#79	0
17428_7#8	1
17428_7#80	1
17428_7#81	0
17428_7#82	1
17428_7#83	1
17428_7#84	1
17428_7#85	0
17428_7#86	1
17428_7#87	1
17428_7#88	1
17428_7#89	0
17428_7#9	1
17428_7#90	1
17651_3#1	1
17651_3#10	1
17651_3#11	0
17651_3#12	1
17651_3#13	1
17651_3#14	1
17651_3#15	0
17651_3#16	0
17651_3#17	1
17651_3#18	1
17651_3#19	1
17651_3#2	0
17651_3#20	0
17651_3#21	0
17651_3#22	0
17651_3#23	0
17651_3#24	0
17651_3#25	1
17651_3#26	0
17651_3#27	0
17651_3#28	1
17651_3#29	0
17651_3#3	1
17651_3#30	0
17651_3#31	0
17651_3#32	0
17651_3#33	1
17651_3#34	0
17651_3#35	0
17651_3#36	0
17651_3#37	0
17651_3#38	0
17651_3#39	1
17651_3#4	1
17651_3#40	0
17651_3#41	0
17651_3#42	1
17651_3#43	1
17651_3#44	1
17651_3#45	0
17651_3#46	0
17651_3#47	0
17651_3#48	1
17651_3#49	0
17651_3#5	1
17651_3#50	1
17651_3#51	1
17651_3#52	1
17651_3#53	0
17651_3#54	1
17651_3#6	1
17651_3#7	1
17651_3#8	0
17651_3#9	0
17794_3#45	0
17794_3#46	0
17794_3#47	0
17794_3#48	0
17794_3#49	1
18090_3#38	1
18090_3#39	1
18090_3#40	1
18090_3#55	0
18090_3#57	0
18623_5#41	1
SRR3361307	0
SRR3361308	0
SRR3357011	1
SRR3361310	1
SRR3361311	1
SRR3361312	1
SRR3349516	1
SRR3361313	0
SRR3361314	1
SRR3361315	0
SRR3349518	1
SRR3360913	0
SRR3361317	0
SRR3361318	0
SRR3361320	0
SRR3361321	1
SRR3360917	0
SRR3361322	0
SRR3349526	0
SRR3360921	0
SRR3361324	1
SRR3360924	0
SRR3361325	1
SRR3361326	0
SRR3360926	0
SRR3349538	1
SRR3360930	1
SRR3361328	0
SRR3361329	1
SRR3361332	0
SRR3361333	0
SRR3361336	1
SRR3361337	1
SRR3357028	1
SRR3360936	0
SRR3349544	0
SRR3361338	0
SRR3360939	0
SRR3361340	0
SRR3361341	1
SRR3361342	1
SRR3349546	1
SRR3361343	0
SRR3361344	1
SRR3361345	0
SRR3361346	1
SRR3361347	1
SRR3360943	0
SRR3360944	1
SRR3361349	0
SRR3361350	0
SRR3361351	1
SRR3349554	0
SRR3357077	0
SRR3360947	0
SRR3349557	0
SRR3361352	0
SRR3360949	1
SRR3361353	0
SRR3361354	1
SRR3361355	0
SRR3361356	1
SRR3360605	1
SRR3360606	1
SRR3360950	0
SRR3349563	0
SRR3360607	0
SRR3360953	0
SRR3360608	0
SRR3360609	0
SRR3360610	1
SRR3360612	1
SRR3360613	0
SRR3360614	1
SRR3349568	1
SRR3360615	1
SRR3349573	1
SRR3360616	1
SRR3360617	1
SRR3360618	1
SRR3360619	1
SRR3349577	0
SRR3360622	1
SRR3360964	0
SRR3360624	1
SRR3360625	1
SRR3360967	0
SRR3360970	1
SRR3360627	1
SRR3360628	1
SRR3357157	1
SRR3360629	1
SRR3360630	0
SRR3360632	1
SRR3360980	1
SRR3360633	1
SRR3360634	1
SRR3357160	0
SRR3360981	0
SRR3360982	0
SRR3360983	1
SRR3360635	0
SRR3360984	1
SRR3360636	0
SRR3360637	1
SRR3360638	0
SRR3360639	1
SRR3360991	0
SRR3360640	0
SRR3360641	1
SRR3360642	0
SRR3360993	0
SRR3360644	1
SRR3360645	1
SRR3360646	0
SRR3360647	0
SRR3360648	1
SRR3360649	1
SRR3360650	0
SRR3360651	1
SRR3349601	1
SRR3360652	1
SRR3360766	0
SRR3360653	0
SRR3360654	0
SRR3360771	0
SRR3360772	1
SRR3360774	1
SRR3357181	1
SRR3360658	1
SRR3360659	1
SRR3357186	1
SRR3360810	0
SRR3360811	0
SRR3360661	0
SRR3360662	0
SRR3349615	1
SRR3360813	1
SRR3360663	0
SRR3360664	1
SRR3360665	0
SRR3360667	1
SRR3360669	0
SRR3360670	0
SRR3360671	1
SRR3357191	1
SRR3360672	1
SRR3357192	1
SRR3360674	1
SRR3360827	0
SRR3360829	0
SRR3357194	1
SRR3360675	1
SRR3360832	0
SRR3360677	0
SRR3360678	1
SRR3360679	0
SRR3360680	1
SRR3360681	1
SRR3360836	0
SRR3360683	0
SRR3360684	1
SRR3360685	0
SRR3360686	1
SRR3360687	0
SRR3360688	0
SRR3357229	0
SRR3360689	0
SRR3357246	0
SRR3360690	0
SRR3360691	1
SRR3360692	0
SRR3360693	1
SRR3360846	1
SRR3360694	1
SRR3360696	0
SRR3360697	1
SRR3357252	1
SRR3360698	1
SRR3349658	0
SRR3360700	0
SRR3360851	1
SRR3360701	0
SRR3360702	1
SRR3360703	1
SRR3360854	0
SRR3360704	1
SRR3360705	0
SRR3357260	0
SRR3360706	0
SRR3360707	1
SRR3360708	0
SRR3357263	1
SRR3360709	1
SRR3360710	0
SRR3360711	1
SRR3357264	0
SRR3360712	1
SRR3360713	1
SRR3360714	1
SRR3360867	1
SRR3349673	1
SRR3360715	0
SRR3360716	1
SRR3360717	0
SRR3360718	1
SRR3360872	0
SRR3360719	1
SRR3360720	1
SRR3360721	0
SRR3349688	1
SRR3357288	1
SRR3360722	0
SRR3357289	1
SRR3360876	0
SRR3360723	1
SRR3357305	0
SRR3360883	0
SRR3360725	0
SRR3360726	0
SRR3360727	0
SRR3360728	1
SRR3360729	0
SRR3360730	0
SRR3360731	1
SRR3360889	1
SRR3360733	1
SRR3360734	0
SRR3360735	0
SRR3360736	1
SRR3360890	0
SRR3360737	0
SRR3360738	1
SRR3357314	1
SRR3360740	0
SRR3360893	1
SRR3360743	1
SRR3360745	0
SRR3349726	0
SRR3360746	0
SRR3360747	0
SRR3360748	1
SRR3360749	0
SRR3360750	1
SRR3360751	1
SRR3360752	1
SRR3360753	1
SRR3360754	0
SRR3360755	1
10356_1#1	0
10356_1#10	0
10356_1#11	1
10356_1#12	0
10356_1#15	1
10356_1#16	0
10356_1#17	0
10356_1#18	0
10356_1#19	0
10356_1#2	0
10356_1#21	1
10356_1#22	0
10356_1#23	0
10356_1#24	0
10356_1#25	0
10356_1#26	0
10356_1#27	0
10356_1#28	0
10356_1#29	0
10356_1#3	0
10356_1#30	0
10356_1#31	0
10356_1#32	0
10356_1#33	0
10356_1#34	0
10356_1#35	0
10356_1#36	0
10356_1#37	0
10356_1#38	0
10356_1#39	0
10356_1#4	0
10356_1#40	0
10356_1#41	0
10356_1#42	0
10356_1#43	0
10356_1#44	0
10356_1#45	0
10356_1#46	0
10356_1#47	0
10356_1#48	0
10356_1#49	0
10356_1#5	0
10356_1#50	0
10356_1#51	0
10356_1#52	0
10356_1#53	0
10356_1#54	0
10356_1#55	0
10356_1#56	0
10356_1#57	0
10356_1#58	0
10356_1#59	0
10356_1#6	0
10356_1#60	0
10356_1#61	0
10356_1#62	0
10356_1#63	0
10356_1#64	0
10356_1#66	0
10356_1#67	0
10356_1#68	0
10356_1#69	0
10356_1#7	0
10356_1#70	0
10356_1#71	0
10356_1#72	0
10356_1#73	0
10356_1#74	0
10356_1#75	0
10356_1#76	0
10356_1#77	0
10356_1#78	0
10356_1#79	0
10356_1#8	0
10356_1#80	0
10356_1#81	0
10356_1#82	0
10356_1#83	0
10356_1#84	1
10356_1#85	0
10356_1#86	0
10356_1#87	0
10356_1#88	1
10356_1#89	1
10356_1#9	0
10356_1#90	0
10356_1#91	0
10356_1#92	0
10356_1#93	0
10356_1#94	0
10625_6#1	0
10625_6#10	1
10625_6#12	1
10625_6#13	1
10625_6#14	1
10625_6#15	0
10625_6#16	1
10625_6#17	1
10625_6#18	1
10625_6#19	1
10625_6#2	1
10625_6#21	0
10625_6#22	0
10625_6#23	0
10625_6#24	0
10625_6#25	0
10625_6#26	0
10625_6#27	0
10625_6#28	0
10625_6#29	1
10625_6#3	0
10625_6#30	1
10625_6#32	0
10625_6#33	0
10625_6#34	1
10625_6#35	1
10625_6#36	1
10625_6#37	1
10625_6#38	1
10625_6#39	1
10625_6#4	0
10625_6#40	0
10625_6#41	0
10625_6#44	0
10625_6#45	1
10625_6#46	0
10625_6#47	0
10625_6#48	1
10625_6#49	1
10625_6#5	0
10625_6#50	0
10625_6#51	1
10625_6#52	1
10625_6#53	1
10625_6#54	0
10625_6#55	1
10625_6#56	1
10625_6#57	1
10625_6#58	0
10625_6#59	0
10625_6#6	1
10625_6#60	1
10625_6#61	1
10625_6#62	0
10625_6#63	0
10625_6#64	0
10625_6#65	1
10625_6#66	1
10625_6#67	1
10625_6#68	1
10625_6#69	0
10625_6#7	1
10625_6#70	0
10625_6#71	1
10625_6#72	1
10625_6#73	1
10625_6#74	0
10625_6#75	1
10625_6#76	0
10625_6#77	1
10625_6#78	0
10625_6#79	0
10625_6#8	1
10625_6#80	1
10625_6#81	1
10625_6#82	1
10625_6#83	1
10625_6#84	0
10625_6#85	1
10625_6#86	0
10625_6#87	0
10625_6#88	0
10625_6#89	0
10625_6#9	1
10625_6#90	1
10625_6#91	1
10625_6#92	1
10625_6#93	1
10625_6#94	1
10625_6#95	1
10868_8#1	1
10868_8#10	1
10868_8#11	0
10868_8#12	1
10868_8#15	0
10868_8#16	0
10868_8#17	0
10868_8#18	1
10868_8#19	1
10868_8#2	1
10868_8#20	0
10868_8#21	0
10868_8#22	0
10868_8#23	0
10868_8#24	0
10868_8#27	0
10868_8#28	1
10868_8#29	1
10868_8#3	1
10868_8#30	1
10868_8#31	1
10868_8#32	1
10868_8#33	1
10868_8#34	0
10868_8#35	1
10868_8#37	1
10868_8#38	1
10868_8#39	1
10868_8#40	0
10868_8#41	0
10868_8#42	0
10868_8#43	0
10868_8#44	0
10868_8#45	0
10868_8#46	0
10868_8#47	0
10868_8#48	0
10868_8#49	0
10868_8#5	0
10868_8#50	0
10868_8#51	0
10868_8#52	0
10868_8#53	0
10868_8#54	1
10868_8#55	1
10868_8#56	1
10868_8#57	0
10868_8#58	1
10868_8#59	0
10868_8#6	1
10868_8#60	0
10868_8#61	0
10868_8#62	1
10868_8#63	0
10868_8#64	0
10868_8#66	0
10868_8#67	0
10868_8#68	0
10868_8#69	0
10868_8#7	0
10868_8#70	1
10868_8#71	0
10868_8#72	0
10868_8#73	1
10868_8#74	0
10868_8#75	0
10868_8#76	1
10868_8#77	0
10868_8#78	0
10868_8#79	1
10868_8#8	1
10868_8#80	0
10868_8#81	0
10868_8#82	1
10868_8#83	0
10868_8#84	1
10868_8#85	0
10868_8#87	1
10868_8#88	0
10868_8#89	0
10868_8#9	1
10868_8#90	1
10868_8#91	1
10868_8#92	0
10868_8#93	0
10868_8#94	1
10868_8#95	1
10900_8#1	0
10900_8#10	1
10900_8#11	1
10900_8#12	0
10900_8#13	1
10900_8#14	1
10900_8#15	1
10900_8#16	1
10900_8#17	1
10900_8#18	1
10900_8#19	0
10900_8#2	0
10900_8#20	1
10900_8#21	0
10900_8#22	0
10900_8#23	1
10900_8#24	1
10900_8#25	1
10900_8#26	0
10900_8#27	0
10900_8#28	0
10900_8#29	0
10900_8#3	0
10900_8#30	1
10900_8#31	1
10900_8#32	0
10900_8#33	1
10900_8#34	1
10900_8#35	1
10900_8#37	1
10900_8#38	0
10900_8#39	1
10900_8#40	0
10900_8#41	0
10900_8#42	1
10900_8#43	1
10900_8#44	1
10900_8#45	0
10900_8#48	1
10900_8#49	0
10900_8#5	1
10900_8#50	0
10900_8#51	0
10900_8#52	0
10900_8#53	0
10900_8#54	0
10900_8#55	1
10900_8#56	1
10900_8#57	0
10900_8#58	1
10900_8#59	0
10900_8#6	1
10900_8#60	0
10900_8#61	0
10900_8#62	1
10900_8#63	1
10900_8#64	0
10900_8#65	0
10900_8#66	0
10900_8#67	0
10900_8#68	0
10900_8#69	0
10900_8#7	1
10900_8#70	0
10900_8#71	1
10900_8#72	0
10900_8#73	0
10900_8#74	0
10900_8#75	0
10900_8#76	0
10900_8#77	0
10900_8#78	0
10900_8#79	0
10900_8#80	0
10900_8#81	0
11792_4#11	1
11792_4#12	1
11792_4#13	1
11792_4#14	1
11792_4#15	1
11792_4#2	1
11792_4#26	0
11792_4#27	0
11792_4#28	0
11792_4#29	0
11792_4#3	0
11792_4#30	0
11792_4#32	0
11792_4#33	0
11792_4#34	0
11792_4#35	0
11792_4#36	0
11792_4#37	0
11792_4#38	0
11792_4#39	0
11792_4#4	0
11792_4#40	0
11792_4#41	0
11792_4#42	0
11792_4#44	0
11792_4#45	0
11792_4#46	0
11792_4#47	0
11792_4#48	0
11792_4#49	0
11792_4#5	0
11792_4#50	0
11792_4#51	0
11792_4#52	0
11792_4#53	0
11792_4#54	0
11792_4#55	0
11792_4#56	0
11792_4#57	0
11792_4#58	0
11792_4#59	0
11792_4#6	1
11792_4#60	0
11792_4#61	1
11792_4#62	0
11792_4#63	0
11792_4#64	0
11792_4#69	1
11792_4#70	0
11792_4#71	0
11792_4#72	0
11792_4#73	0
12045_8#76	0
12045_8#77	1
12045_8#78	0
12082_1#19	1
12082_1#20	1
12082_1#21	1
12082_1#22	0
12273_1#63	0
12273_1#64	0
8289_2#1	1
8289_2#2	1
8289_2#3	1
8289_2#4	1
8289_2#5	1
8289_2#6	1
8289_2#7	1
8289_2#8	0
8289_2#9	0
8289_2#10	0
8289_2#12	0
9716_3#43	0
8289_2#14	0
9716_3#44	0
9716_3#45	0
8289_2#17	1
8289_2#18	0
8289_2#19	1
8289_2#20	1
8289_2#21	1
8289_2#22	1
8289_2#23	1
8289_2#24	1
15335_5#75	1
8289_2#26	1
8289_2#27	1
8289_2#28	1
15335_5#76	1
8289_2#30	1
8289_2#31	1
8289_2#32	1
8289_2#33	1
8289_2#34	1
8289_2#35	1
8289_2#36	1
8289_2#37	1
8289_2#38	0
8289_2#39	1
8289_2#40	1
8289_2#41	1
8289_2#42	1
8289_2#43	1
8289_2#44	1
8289_2#45	1
8289_2#46	1
8289_2#47	1
8289_2#49	1
8289_2#50	0
8289_2#51	1
8289_2#52	1
8289_2#53	1
8289_2#54	1
8289_2#55	1
8289_2#56	1
8289_2#57	1
8289_2#58	1
8289_2#59	1
8289_2#60	1
15335_5#84	1
8289_2#62	1
8289_2#63	1
8289_2#64	0
8289_2#65	1
8289_2#66	1
8289_2#67	1
8289_2#68	1
8289_2#69	1
8289_2#70	1
8289_2#71	0
8289_2#72	0
8289_2#73	0
8289_2#74	0
8289_2#75	1
8289_2#76	1
8289_2#77	1
8289_2#78	1
8289_2#79	1
8289_2#80	1
8289_2#81	1
8289_2#82	1
8289_2#83	0
8289_2#84	0
8289_2#85	1
8289_2#86	1
8289_2#87	1
8289_2#88	1
8289_2#89	1
8289_2#90	0
8289_2#91	1
8289_2#92	0
8289_2#93	1
8289_2#94	1
8289_2#95	1
8289_2#96	0
8727_8#1	1
8727_8#2	0
8727_8#3	1
8727_8#4	0
8727_8#5	1
8727_8#6	1
8727_8#7	1
8727_8#8	1
8727_8#9	1
8727_8#10	0
8727_8#11	1
8727_8#12	1
8727_8#13	1
8289_2#11	0
8727_8#14	0
8727_8#15	1
9716_3#90	1
8727_8#17	1
8727_8#18	1
8727_8#19	1
8727_8#20	1
8727_8#21	1
8727_8#22	0
8727_8#23	1
8727_8#24	0
8727_8#25	1
8727_8#26	1
8727_8#27	1
8727_8#28	1
8727_8#29	1
8727_8#30	0
8727_8#31	1
8727_8#32	0
8727_8#33	1
8727_8#34	1
8727_8#35	1
8727_8#36	1
15335_5#95	1
8727_8#38	1
8727_8#39	1
8727_8#40	0
8727_8#41	1
8727_8#42	0
8727_8#43	1
15335_4#53	1
8727_8#45	1
8727_8#46	0
8727_8#47	1
8727_8#48	0
8727_8#49	1
8727_8#50	0
8727_8#51	1
15335_5#86	1
8727_8#53	0
8727_8#54	1
8727_8#55	1
8727_8#56	1
8727_8#57	0
15335_5#85	1
8727_8#59	1
8727_8#60	0
8727_8#61	1
8727_8#62	1
15335_6#46	1
8727_8#64	1
8727_8#65	0
8727_8#66	0
8727_8#67	1
8727_8#68	1
8727_8#69	1
8727_8#70	1
8727_8#71	0
8727_8#72	1
8727_8#73	0
8727_8#74	1
8727_8#75	0
8727_8#76	0
8727_8#77	0
8727_8#78	0
8727_8#79	0
8727_8#80	0
8727_8#81	1
8727_8#82	1
8727_8#83	1
8727_8#84	1
8727_8#85	1
8727_8#86	1
8727_8#87	1
8727_8#88	1
8727_8#89	1
8727_8#90	1
8727_8#91	1
8727_8#92	0
8727_8#93	1
8727_8#94	1
8727_8#95	0
8727_8#96	0
8727_5#43	0
8727_5#44	1
8727_5#45	1
8727_5#46	1
8727_5#47	0
8727_5#48	0
8727_5#49	0
8727_5#50	0
8727_5#51	0
8727_5#52	0
8727_5#53	0
8727_5#54	0
8727_5#55	1
8727_5#56	1
8727_5#57	0
8727_5#58	1
8727_5#59	0
8727_5#60	0
8727_5#61	0
8727_5#62	0
8727_5#63	0
8727_5#64	1
8727_5#65	0
8727_5#66	1
8727_5#67	0
8727_5#68	0
8727_5#69	0
8727_5#70	1
8727_5#71	0
15335_5#80	1
8727_5#73	0
8727_5#74	0
8727_5#75	0
8727_5#76	0
8727_5#77	1
8727_5#78	0
8727_5#79	1
8727_5#80	0
8727_5#81	1
8727_5#82	1
8727_5#83	1
8727_5#84	1
8727_5#85	1
8727_5#86	1
8727_5#87	1
8727_5#88	1
15335_6#50	1
8727_5#90	1
8727_5#91	1
8727_5#92	1
15335_5#35	0
15335_2#43	0
17176_1#82	0
15335_4#44	0
15335_4#13	0
17176_1#39	0
17150_8#77	0
8289_2#25	1
15335_5#8	0
17176_1#69	0
17225_2#7	0
17225_2#9	0
15335_4#33	0
17150_8#88	0
17176_1#34	0
15335_4#12	0
17225_3#18	0
17225_3#43	0
17225_3#44	0
17150_8#43	0
15335_5#2	0
15335_5#3	0
17225_3#72	0
17176_1#37	0
17225_3#73	0
15335_4#15	0
17225_3#45	0
17225_3#76	0
17176_1#63	0
15335_4#20	0
15335_4#21	0
17150_8#74	0
17225_3#47	0
17150_8#76	0
17150_8#78	0
17150_8#1	0
17176_1#44	1
17176_1#45	0
17225_3#83	0
17176_1#46	0
17225_3#88	0
17225_3#90	0
15335_2#9	0
15335_2#12	0
17176_1#68	0
17150_8#4	0
17225_2#8	0
15335_2#11	0
8289_2#29	1
15335_4#38	0
17225_3#8	0
15335_3#16	0
17150_8#81	0
17150_8#15	0
17225_3#34	0
15335_4#28	0
15335_4#29	0
15335_4#30	0
15335_4#32	0
15335_4#45	0
17225_3#54	0
17225_3#36	0
17150_8#67	0
17150_8#87	0
17150_8#90	0
17176_1#74	0
17225_3#11	0
17225_3#61	0
17176_1#59	0
17150_8#37	0
15335_4#11	0
15335_3#52	0
15335_2#83	0
17176_1#1	1
17176_1#2	0
17176_1#3	0
17176_1#76	0
17150_8#44	0
15335_3#27	1
15335_3#28	1
15335_3#29	0
17150_8#71	0
17225_3#67	0
17176_1#36	0
17225_3#68	0
15335_5#5	0
15335_4#16	1
15335_4#17	0
15335_4#18	0
15335_4#73	1
15335_3#30	1
15335_4#81	0
15335_3#31	1
15335_3#32	0
15335_2#87	0
15335_4#6	0
15335_4#7	0
15335_7#25	0
15335_7#52	0
17225_3#74	0
17225_3#75	0
17225_3#77	0
17225_3#78	0
15335_5#90	1
15335_5#91	0
15335_3#34	1
15335_2#90	0
15335_2#92	0
15335_2#93	0
15335_2#95	0
17150_8#73	0
15335_4#35	1
15335_3#36	0
15335_7#16	0
15335_7#45	0
17225_3#3	0
17225_3#4	0
17176_1#90	0
17150_8#45	0
15335_6#56	1
15335_7#56	0
17176_1#41	0
15335_4#82	0
17176_1#64	0
17176_1#65	0
17176_1#66	0
17225_3#7	0
15335_5#32	1
15335_3#37	1
15335_3#55	1
15335_7#14	0
15335_7#32	0
17176_1#7	0
17150_8#75	0
15335_3#56	0
15335_3#2	0
15335_3#3	0
15335_3#4	0
15335_3#5	0
15335_4#24	0
15335_3#12	1
15335_4#42	1
15335_3#39	1
15335_3#40	1
17176_1#91	1
17225_3#49	0
17225_3#84	0
17225_3#87	1
17176_1#48	0
17176_1#49	0
15335_4#25	0
15335_2#8	0
15335_3#15	0
15335_4#83	0
15335_3#6	0
15335_3#7	1
15335_3#8	1
15335_3#9	0
15335_2#5	1
17150_8#47	0
15335_4#78	0
15335_7#26	0
15335_7#38	0
15335_7#36	0
15335_7#57	0
15335_7#34	0
17176_1#67	0
17225_3#25	0
17225_3#26	0
17150_8#24	1
17225_2#1	1
17225_2#2	0
17225_2#3	1
17225_2#4	1
17225_2#6	1
15335_4#26	0
15335_2#10	0
15335_5#13	0
15335_5#14	1
15335_5#15	0
15335_5#16	1
15335_6#81	0
15335_3#80	0
15335_7#7	0
17176_1#8	0
15335_6#90	0
17176_1#9	0
15335_3#46	0
15335_3#81	0
15335_3#83	0
15335_3#84	0
17176_1#11	0
17176_1#13	0
17225_2#10	0
15335_4#41	0
15335_7#8	0
15335_3#63	1
15335_7#58	0
17176_1#84	0
17150_8#9	0
17225_3#30	0
17176_1#57	0
17150_8#53	0
17225_2#11	1
15335_5#22	0
15335_2#59	1
15335_4#43	0
15335_6#49	1
15335_3#65	0
15335_3#49	0
15335_3#51	1
15335_3#66	1
15335_3#85	0
15335_3#86	0
15335_6#82	0
15335_3#89	0
15335_3#90	0
15335_6#86	0
17176_1#15	0
15335_7#54	0
17176_1#19	0
17150_8#12	0
15335_5#23	1
15335_5#40	1
15335_3#67	0
15335_3#68	1
15335_4#85	0
15335_4#87	0
15335_3#70	1
15335_4#88	0
15335_3#91	0
15335_3#93	0
15335_7#24	0
15335_6#92	0
17176_1#21	1
15335_7#30	0
15335_7#37	0
15335_7#53	0
15335_3#94	0
8289_2#48	1
17150_8#57	1
15335_4#80	1
15335_4#89	0
15335_3#72	1
15335_4#91	0
15335_7#19	0
15335_6#53	0
15335_6#14	1
15335_3#95	0
15335_4#1	0
17225_2#13	1
17150_8#58	1
17225_2#15	0
15335_5#24	1
15335_3#74	1
15335_4#3	1
15335_4#4	0
15335_7#50	0
17150_8#22	1
17150_8#62	1
17150_8#84	0
17176_1#71	0
17150_8#85	0
17150_8#86	0
17150_8#33	1
17225_3#53	0
17150_8#63	1
17150_8#64	1
17150_8#65	1
17150_8#66	1
15335_5#31	1
15335_5#43	1
15335_6#20	1
15335_6#19	1
15335_6#9	1
15335_6#5	1
15335_4#95	0
15335_6#7	1
15335_7#33	0
17225_3#55	0
17225_3#56	0
17225_3#37	0
17176_1#18	0
15335_7#23	0
17176_1#32	0
17150_8#69	0
17150_8#89	0
17225_3#38	0
17225_3#39	0
17225_3#41	0
17225_3#57	0
17225_3#58	0
17225_3#59	0
17225_3#60	0
17225_3#62	0
17225_3#63	0
17176_1#58	0
17176_1#86	0
17150_8#38	0
17225_3#64	0
17150_8#39	0
17150_8#40	0
15335_3#11	0
15335_3#23	0
15335_6#83	0
15335_2#84	0
17176_1#60	0
17150_8#41	0
15335_3#25	1
15335_3#26	1
15335_7#12	0
15335_2#85	1
15335_2#86	0
15335_4#5	1
17176_1#4	0
17225_3#69	0
15335_4#19	0
15335_5#89	1
15335_2#30	1
15335_3#54	1
15335_2#88	0
15335_7#27	0
15335_7#42	1
15335_7#35	1
15335_7#43	0
17176_1#81	0
17176_1#89	0
15335_2#6	0
15335_5#6	1
17150_8#72	0
17225_3#81	0
15335_2#91	0
15335_2#94	0
17225_3#46	0
15335_7#15	0
15335_7#48	0
17225_3#6	0
17225_3#19	0
17225_3#20	0
17225_3#21	0
17225_3#22	0
17225_3#23	0
17176_1#27	0
17176_1#28	0
17176_1#5	0
15335_5#7	1
15335_4#36	0
15335_7#28	0
17150_8#23	1
17225_3#82	1
15335_5#9	1
15335_4#37	1
15335_3#57	1
15335_3#41	0
15335_3#44	1
17150_8#79	0
15335_5#34	1
17225_3#85	1
17225_3#86	0
17176_1#47	0
17225_3#89	0
15335_5#11	0
15335_6#61	1
15335_3#58	1
15335_7#22	0
17150_8#3	0
17176_1#50	1
17225_3#91	0
15335_5#12	1
15335_4#76	1
8289_2#61	1
15335_4#77	0
15335_7#29	0
17225_3#24	0
17150_8#5	0
15335_6#71	0
15335_3#79	0
17176_1#10	0
15335_5#17	1
15335_5#36	0
15335_7#11	0
17176_1#12	0
17150_8#80	0
17225_3#9	0
17225_3#27	0
17150_8#7	1
17150_8#8	1
17150_8#25	1
17150_8#26	1
17150_8#27	1
17150_8#28	1
17150_8#49	0
17150_8#50	1
15335_5#18	1
15335_3#13	1
15335_5#37	1
15841_6#73	0
15335_5#39	1
15335_6#51	1
15335_7#10	0
15335_3#47	1
15335_3#48	1
15335_3#64	1
15335_6#78	0
15335_4#8	0
15335_6#94	0
15335_6#95	0
17225_3#31	0
17150_8#11	0
17150_8#31	0
17225_3#51	0
17150_8#51	1
17150_8#54	0
17225_2#12	1
15335_4#27	1
15335_5#81	1
15335_6#48	0
15335_3#50	1
15335_6#76	0
15335_3#87	0
15335_6#85	1
15335_6#93	0
15335_7#4	0
17225_3#32	0
17225_3#33	0
17150_8#56	1
15335_4#75	0
15335_6#66	1
15335_3#69	1
15335_3#92	0
17176_1#22	0
15335_6#91	0
15335_7#18	0
15335_7#39	0
17150_8#14	1
15335_5#41	1
15335_3#71	1
15335_6#70	1
15335_6#55	1
15335_4#2	0
15335_4#9	0
17176_1#23	0
15335_7#6	0
17150_8#17	0
17150_8#19	1
17150_8#20	1
17225_2#14	0
17150_8#59	1
17225_2#16	0
17150_8#60	1
17150_8#61	1
15335_5#29	1
15335_4#31	0
15335_6#52	1
15335_6#47	1
15335_7#9	0
15335_6#67	1
15335_4#92	0
15335_6#16	1
15335_4#93	0
15335_6#57	1
15335_3#78	1
15335_6#72	0
17176_1#70	0
17150_8#83	0
17225_3#35	0
17225_3#52	0
15335_6#45	1
15335_6#54	1
15335_4#94	1
17176_1#72	0
17150_8#34	1
17150_8#35	1
15335_5#30	1
15335_4#34	0
15335_6#13	1
15335_6#18	1
15335_6#12	1
15335_6#8	1
17150_8#68	0
17225_3#12	0
17225_3#40	0
17225_3#42	0
15335_6#74	1
17225_3#1	0
17225_3#13	0
15335_5#88	1
17176_1#75	0
17176_1#87	0
17150_8#42	0
17225_3#70	0
15335_3#53	1
15335_3#33	1
15335_2#89	0
15335_7#31	1
17176_1#61	0
17176_1#62	0
17176_1#78	0
17176_1#88	0
17225_3#80	0
15335_3#35	1
15335_3#1	1
17225_3#5	0
15335_5#92	0
15335_5#93	0
15335_5#94	0
15335_7#17	0
17176_1#6	1
17176_1#29	0
17176_1#30	1
17176_1#31	0
15335_6#73	0
15335_4#23	0
15335_5#10	1
15335_5#33	1
15335_3#42	1
15335_3#43	1
15335_3#14	1
15335_3#45	1
15335_3#10	1
15335_7#55	1
17225_2#5	0
17176_1#55	0
15335_5#79	1
15335_2#15	0
15335_3#59	0
15335_7#49	0
17150_8#6	0
15335_3#60	1
15335_3#61	0
15335_3#82	0
15335_6#87	1
17225_3#28	0
17225_3#50	0
17150_8#29	1
17150_8#30	1
17176_1#56	1
15335_5#19	1
16043_2#27	0
15335_5#38	1
15335_3#62	1
15335_6#89	1
17176_1#14	1
17150_8#10	0
17150_8#52	1
17150_8#55	0
15335_5#20	1
15335_5#21	0
15335_3#88	0
17176_1#16	1
17176_1#17	0
15335_7#44	0
15335_7#40	0
15335_7#51	1
15335_7#41	1
15335_3#73	0
17150_8#82	0
17150_8#16	1
17150_8#18	1
17150_8#21	1
17150_8#32	1
15335_5#25	1
15335_5#26	1
15335_5#27	1
15335_5#28	1
15335_6#59	1
15335_6#15	1
15335_3#75	1
15335_6#62	1
15335_3#76	1
15335_3#77	1
15335_6#63	1
15335_4#10	1
17176_1#73	0
17225_3#10	0
15335_6#17	1
15335_6#6	1
15335_6#4	1
15335_6#3	1
15335_6#10	1
17176_1#33	0
15335_5#87	0
15335_6#64	0
15335_6#77	1
15335_5#1	0
17225_3#14	0
17225_3#65	0
17225_3#66	0
17176_1#26	0
15335_5#4	0
17176_1#77	0
17176_1#79	0
17176_1#80	0
15335_6#69	0
15335_6#84	1
15335_7#20	1
15335_5#77	1
15335_4#59	1
15335_6#75	1
15335_7#47	1
17150_8#2	0
17150_8#46	1
15335_4#66	1
15335_4#84	1
17150_8#48	0
15335_4#74	1
17176_1#83	0
17225_3#29	0
15335_5#82	1
15335_6#44	1
15335_7#13	1
15335_7#2	0
15335_5#83	1
15335_4#86	1
15335_6#65	0
16043_2#16	1
17150_8#13	0
15335_4#90	1
15335_6#60	0
15335_6#58	1
15335_7#1	1
16043_2#17	1
15335_2#19	1
15335_2#72	1
15335_2#52	1
15335_2#55	1
17150_8#91	0
17225_3#16	0
17225_3#17	0
15335_2#81	1
16043_2#20	1
17150_8#70	0
15335_7#86	1
15335_2#58	1
15335_6#33	1
15335_7#91	1
15335_2#48	1
15335_2#56	1
15335_2#31	1
15335_2#71	1
15335_2#40	1
15335_2#41	1
15335_2#34	1
15335_2#82	1
15335_2#3	1
15335_7#3	1
15335_7#74	1
16228_1#90	1
15335_2#35	1
15335_6#38	1
15335_6#43	1
15335_7#72	0
15335_7#76	1
15335_7#82	1
15335_6#37	1
15335_2#47	1
15335_7#88	1
16228_1#91	1
15335_7#84	1
15335_7#79	1
16228_1#89	1
16228_1#88	1
15335_6#68	1
16043_2#2	1
15335_2#4	1
16043_2#18	1
15335_2#50	1
15335_2#32	1
15335_2#16	1
15335_7#95	1
16043_2#11	1
15335_7#83	1
15335_7#73	1
15335_2#53	1
16043_2#12	1
15335_2#66	1
15335_2#57	1
15335_2#79	1
15335_2#74	1
15335_7#60	1
17176_1#24	1
15335_2#17	1
15335_6#21	1
15335_2#37	1
15335_7#66	1
15335_7#46	1
15335_6#34	1
15335_6#42	1
15335_2#33	1
16228_1#94	1
15335_2#51	1
15335_2#21	1
15335_7#71	0
15335_2#49	1
15335_2#62	1
15335_2#80	1
15335_2#78	1
15335_7#75	1
15335_7#78	1
15335_2#61	1
15335_7#64	1
15335_2#77	1
16228_1#93	0
15335_6#40	1
15335_2#38	1
15335_2#18	1
15335_7#85	1
15335_7#68	1
15335_7#62	1
15335_7#70	1
16043_2#8	1
16043_2#7	1
16043_2#3	1
15335_6#29	1
15335_6#35	1
15335_6#30	1
15335_7#94	1
15335_6#31	1
16043_2#14	1
15335_7#81	1
15335_2#63	1
15335_2#46	1
15335_2#42	1
15335_2#1	1
16043_2#10	1
15335_6#22	0
16043_2#5	1
15335_7#89	1
15335_6#32	1
15335_7#77	1
15335_6#26	1
15335_7#90	1
15335_6#25	1
15335_6#36	1
15335_6#39	1
16228_1#92	1
16043_2#4	1
15335_6#28	1
15335_6#41	1
16043_2#22	1
15335_2#60	1
16043_2#23	1
15335_2#2	1
15335_2#64	1
15335_2#67	1
15335_2#45	1
15335_2#44	1
15335_2#65	1
15335_7#65	1
15335_7#63	1
15335_2#75	1
15335_2#68	1
15335_7#67	1
16043_2#13	1
15335_6#27	1
16043_2#1	1
16043_2#9	1
15335_2#73	1
15335_2#54	1
15335_2#69	1
15335_7#93	1
15335_7#69	1
15335_6#24	1
16228_1#87	1
16043_2#6	1
16228_1#95	1
15335_7#92	1
15335_2#36	1
15335_2#70	1
15335_7#59	1
15335_7#61	1
15335_6#88	1
15335_2#76	1
16043_2#15	1
15335_6#23	0
16043_2#21	0
15335_2#20	1
15335_7#80	1
15335_7#87	0
15335_4#46	1
15335_5#44	1
15335_5#45	1
15335_5#46	1
15335_4#47	0
15335_5#47	1
15335_2#26	1
15335_4#48	0
15335_2#13	1
15335_5#69	1
15335_5#48	0
15335_2#23	0
15335_4#49	0
15335_4#50	0
15335_4#51	0
15335_4#52	0
16043_2#24	0
15335_2#25	1
15335_2#24	1
15335_5#49	1
16043_2#29	1
15335_2#14	0
15335_4#70	0
15335_5#50	1
15335_2#22	1
15335_4#55	1
15335_4#56	0
15335_4#57	0
15335_5#52	0
15335_4#58	0
16043_2#25	0
15335_4#60	1
15335_5#53	1
15335_4#61	1
15335_4#62	1
15335_5#54	0
15335_4#63	1
15335_4#64	0
15335_4#65	1
15335_2#28	1
15335_3#17	1
15335_5#55	1
15335_5#56	1
15335_2#27	1
16043_2#26	0
15335_5#70	1
15335_5#71	1
15335_3#18	1
15335_5#57	1
15335_5#58	1
15335_5#72	1
15335_5#73	1
15335_5#59	1
15335_5#60	1
15335_5#61	1
15335_3#22	1
15335_5#62	1
15335_5#63	0
15335_3#19	0
15335_4#71	1
15335_2#29	1
15335_5#74	1
15335_6#2	1
15335_4#72	0
15335_4#67	0
15335_4#68	0
15335_5#64	1
15335_5#65	1
15335_5#66	1
15335_4#69	1
15335_5#67	1
15335_5#68	1
15335_6#1	1
15335_3#20	1
15335_3#21	1
15335_5#78	0
17225_3#71	1
15335_2#39	0
17176_1#43	0
17176_1#40	0
17176_1#42	1
17176_1#51	1
2	0
7	0
43	0
71	0
2425	1
3831	0
3862	0
3863	0
11004	0
11078	0
11143	0
121470	1
10_065	0
11_003	1
11_005	1
11_011	1
11_020	1
11_110	0
11_135	1
11_24	1
11_27	0
11_77	1
12_16	1
12_21	1
12_38	1
12_89	1
13_015	0
13_3	1
13_5	1
10356_1#13	0
10356_1#14	0
10356_1#20	0
10625_6#11	1
10625_6#20	1
10625_6#31	0
10900_8#46	1
10900_8#47	1
11791_8#1	1
11792_4#25	0
11792_4#89	1
11792_4#90	1
17176_1#52	1
17176_1#54	1
17176_1#53	1
17176_1#85	0
17176_1#38	1
8727_8#37	1
8727_8#44	1
8727_8#52	1
8727_8#58	1
8727_8#63	1
8727_5#72	1
8727_5#89	1
SRR5827254	0
SRR5827255	0
SRR5827256	1
SRR5827257	0
SRR5827258	1
SRR5827259	0
SRR5827260	1
SRR5827261	1
SRR5827252	0
SRR5827253	0
SRR5827047	1
SRR5827048	1
SRR5827049	0
SRR5827050	0
SRR5827043	0
SRR5827044	1
SRR5827045	0
SRR5827046	0
SRR5827041	0
SRR5827042	0
SRR5827151	0
SRR5827150	0
SRR5827153	0
SRR5827152	0
SRR5827155	1
SRR5827154	0
SRR5827157	0
SRR5827156	1
SRR5827149	0
SRR5827148	0
SRR5827278	1
SRR5827279	0
SRR5827276	0
SRR5827277	0
SRR5827282	0
SRR5827283	1
SRR5827280	0
SRR5827281	0
SRR5827274	0
SRR5827275	0
SRR5827313	0
SRR5827312	0
SRR5827311	0
SRR5827310	0
SRR5827309	0
SRR5827308	0
SRR5827307	0
SRR5827306	0
SRR5827305	0
SRR5827304	0
SRR5827411	0
SRR5827412	1
SRR5827413	1
SRR5827414	0
SRR5827415	0
SRR5827018	0
SRR5827019	1
SRR5827020	0
SRR5827409	0
SRR5827410	0
SRR5827122	1
SRR5827121	0
SRR5827124	1
SRR5827123	1
SRR5827118	0
SRR5827117	0
SRR5827120	0
SRR5827119	0
SRR5827126	0
SRR5827125	0
SRR5827238	0
SRR5827239	0
SRR5827236	1
SRR5827237	0
SRR5827234	0
SRR5827235	0
SRR5827232	0
SRR5827233	1
SRR5827240	0
SRR5827241	0
SRR5827183	0
SRR5827182	0
SRR5827181	0
SRR5827180	0
SRR5827187	0
SRR5827186	0
SRR5827147	1
SRR5827174	0
SRR5827177	0
SRR5827176	0
SRR5827324	0
SRR5827069	1
SRR5827070	0
SRR5827071	1
SRR5827051	0
SRR5827052	1
SRR5827262	0
SRR5827230	0
SRR5827074	0
SRR5827075	0
SRR5827247	1
SRR5827246	0
SRR5827245	1
SRR5827244	1
SRR5827251	0
SRR5827250	0
SRR5827249	0
SRR5827248	1
SRR5827243	0
SRR5827242	0
SRR5827133	0
SRR5827134	0
SRR5827135	0
SRR5827136	1
SRR5827129	0
SRR5827130	0
SRR5827131	0
SRR5827132	1
SRR5827127	0
SRR5827128	0
SRR5827058	0
SRR5827057	0
SRR5827060	0
SRR5827059	0
SRR5827054	1
SRR5827175	1
SRR5827056	0
SRR5827055	0
SRR5827066	0
SRR5827065	0
SRR5827359	0
SRR5827360	0
SRR5827357	0
SRR5827358	0
SRR5827355	0
SRR5827356	0
SRR5827353	0
SRR5827354	0
SRR5827361	1
SRR5827362	0
SRR5827293	0
SRR5827292	0
SRR5827291	1
SRR5827290	1
SRR5827289	1
SRR5827288	0
SRR5827287	0
SRR5827286	0
SRR5827285	0
SRR5827284	1
SRR5827158	0
SRR5827159	0
SRR5827160	0
SRR5827161	0
SRR5827162	0
SRR5827163	0
SRR5827164	0
SRR5827165	0
SRR5827166	0
SRR5827167	0
SRR5827094	1
SRR5827093	1
SRR5827096	1
SRR5827095	0
SRR5827098	0
SRR5827097	0
SRR5827100	0
SRR5827099	1
SRR5827092	0
SRR5827091	1
SRR5827387	0
SRR5827388	0
SRR5827385	1
SRR5827386	1
SRR5827391	0
SRR5827392	0
SRR5827389	1
SRR5827390	0
SRR5827383	0
SRR5827384	0
SRR5827328	1
SRR5827327	1
SRR5827326	0
SRR5827325	0
SRR5827332	0
SRR5827331	0
SRR5827330	1
SRR5827329	1
SRR5827336	0
SRR5827335	1
SRR5827207	0
SRR5827208	0
SRR5827209	1
SRR5827352	0
SRR5827203	0
SRR5827204	0
SRR5827205	1
SRR5827206	0
SRR5827363	0
SRR5827364	0
SRR5827101	0
SRR5827102	0
SRR5827086	1
SRR5827087	0
SRR5827105	0
SRR5827106	0
SRR5827107	0
SRR5827108	0
SRR5827109	1
SRR5827110	0
SRR5827218	0
SRR5827217	0
SRR5827216	0
SRR5827215	0
SRR5827214	1
SRR5827213	0
SRR5827212	0
SRR5827211	0
SRR5827210	0
SRR5827351	0
SRR5827229	0
SRR5827231	0
SRR5827333	0
SRR5827334	1
SRR5827339	0
SRR5827340	0
SRR5827337	1
SRR5827338	0
SRR5827200	1
SRR5827202	1
SRR5827024	0
SRR5827023	0
SRR5827026	0
SRR5827025	0
SRR5827028	0
SRR5827027	1
SRR5827030	0
SRR5827029	1
SRR5827022	1
SRR5827021	0
SRR5827184	0
SRR5827185	1
SRR5827067	0
SRR5827068	0
SRR5827061	0
SRR5827062	1
SRR5827063	0
SRR5827064	1
SRR5827178	0
SRR5827179	1
SRR5827169	1
SRR5827168	1
SRR5827073	0
SRR5827072	0
SRR5827173	0
SRR5827172	0
SRR5827171	0
SRR5827170	0
SRR5827273	0
SRR5827053	0
SRR5827300	0
SRR5827301	1
SRR5827298	0
SRR5827299	0
SRR5827296	1
SRR5827297	0
SRR5827294	0
SRR5827295	0
SRR5827302	0
SRR5827303	0
SRR5827199	0
SRR5827198	1
SRR5827400	0
SRR5827399	0
SRR5827394	1
SRR5827393	0
SRR5827396	1
SRR5827395	0
SRR5827088	1
SRR5827405	0
SRR5827190	0
SRR5827191	1
SRR5827192	0
SRR5827193	0
SRR5827194	0
SRR5827195	1
SRR5827196	1
SRR5827197	0
SRR5827188	1
SRR5827189	1
SRR5827321	1
SRR5827320	1
SRR5827319	0
SRR5827318	1
SRR5827317	0
SRR5827316	1
SRR5827315	0
SRR5827314	1
SRR5827323	0
SRR5827322	0
SRR5827376	1
SRR5827375	1
SRR5827378	0
SRR5827377	1
SRR5827380	1
SRR5827379	0
SRR5827382	0
SRR5827381	1
SRR5827374	1
SRR5827373	1
SRR5827267	0
SRR5827268	1
SRR5827265	1
SRR5827266	0
SRR5827271	0
SRR5827272	0
SRR5827269	1
SRR5827270	1
SRR5827263	0
SRR5827264	0
SRR5827146	0
SRR5827145	0
SRR5827144	0
SRR5827143	0
SRR5827142	0
SRR5827141	1
SRR5827140	0
SRR5827139	0
SRR5827138	0
SRR5827137	0
SRR5827031	1
SRR5827032	1
SRR5827033	1
SRR5827034	1
SRR5827035	0
SRR5827036	0
SRR5827037	0
SRR5827038	0
SRR5827039	1
SRR5827040	0
SRR5827346	0
SRR5827345	0
SRR5827348	0
SRR5827347	1
SRR5827342	1
SRR5827341	0
SRR5827344	0
SRR5827343	1
SRR5827350	1
SRR5827349	0
SRR5827225	1
SRR5827226	1
SRR5827223	1
SRR5827224	0
SRR5827221	1
SRR5827222	0
SRR5827219	1
SRR5827220	0
SRR5827227	0
SRR5827228	0
SRR5827112	1
SRR5827111	1
SRR5827090	1
SRR5827089	0
SRR5827116	0
SRR5827115	0
SRR5827114	1
SRR5827113	0
SRR5827104	0
SRR5827103	0
SRR5827201	1
SRR5827406	1
SRR5827407	1
SRR5827408	0
SRR5827401	0
SRR5827402	1
SRR5827403	0
SRR5827404	0
SRR5827397	1
SRR5827398	0
SRR5827077	1
SRR5827076	0
SRR5827079	0
SRR5827078	0
SRR5827081	0
SRR5827080	1
SRR5827083	1
SRR5827082	0
SRR5827085	0
SRR5827084	0
SRR5827367	0
SRR5827368	0
SRR5827365	1
SRR5827366	0
SRR5827371	0
SRR5827372	0
SRR5827369	1
SRR5827370	0
